Dato;ArrangementID;Arrangement;Rom;Billetter_Solgt;Kapasitet;Bordreservasjoner;Pakkemenyer;Omsetning
2026-02-25;EVT-260225;Speed date 40–59;Foajeen;40;40;35;20;18500,00
2026-03-13;EVT-260313;Svanesjøen;Hovedscenen;380;400;120;65;185000,00
2026-04-22;EVT-260422;Speed date 30–45;Foajeen;38;40;30;15;16200,00
2026-07-11;EVT-260711;Norge–England – VM på storskjerm;Hovedscenen;350;350;150;90;142000,00
2026-07-17;EVT-260717;Sommerstandup med Fire halvkjente fjes;Hovedscenen;290;350;95;45;98500,00
2026-08-20;EVT-260820;Kristiansand Jazzfestival 26;Biscenen;140;150;55;25;56000,00
2026-08-26;EVT-260826;Speed date 40–60;Foajeen;32;40;28;12;14800,00
2026-08-29;EVT-260829;Baldrian og Musa – Luft og kjærlighet;Intimscenen;85;90;20;10;24500,00
2026-09-11;EVT-260911;Amund Mathisen // Teateret;Intimscenen;75;90;40;18;28000,00
